<?xml version="1.0" encoding="UTF-8"?>
<databaseChangeLog
        xmlns="http://www.liquibase.org/xml/ns/dbchangelog"
        xmlns:xsi="http://www.w3.org/2001/XMLSchema-instance"
        xmlns:ext="http://www.liquibase.org/xml/ns/dbchangelog-ext"
        xsi:schemaLocation="http://www.liquibase.org/xml/ns/dbchangelog
        http://www.liquibase.org/xml/ns/dbchangelog/dbchangelog-latest.xsd
        http://www.liquibase.org/xml/ns/dbchangelog-ext http://www.liquibase.org/xml/ns/dbchangelog/dbchangelog-ext.xsd ">

    <changeSet id="1" author="Akash">
        <createTable tableName="product">
            <column name="id" type="UUID" defaultValueComputed="uuid_generate_v1()">
                <constraints primaryKey="true" nullable="false" unique="true" />
            </column>
            <column name="product_no" type="varchar(30)">
                <constraints nullable="false" unique="true"/>
            </column>
            <column name="product_name" type="varchar(50)">
                <constraints nullable="false" />
            </column>
        </createTable>
    </changeSet>
</databaseChangeLog>